Datetime,Water Level (m)
2026-01-31 00:00:00,-0.5306321
2026-01-31 01:00:00,-0.6629336
2026-01-31 02:00:00,-0.75154126
2026-01-31 03:00:00,-0.61043304
2026-01-31 04:00:00,-0.29499117
2026-01-31 05:00:00,-0.03383933
2026-01-31 06:00:00,0.13873342
2026-01-31 07:00:00,0.17102808
2026-01-31 08:00:00,0.0025067988
2026-01-31 09:00:00,-0.227121
2026-01-31 10:00:00,-0.4241404
2026-01-31 11:00:00,-0.591752
2026-01-31 12:00:00,-0.7289155
2026-01-31 13:00:00,-0.84797823
2026-01-31 14:00:00,-0.8962278
2026-01-31 15:00:00,-0.5931914
2026-01-31 16:00:00,-0.24060869
2026-01-31 17:00:00,0.113620594
2026-01-31 18:00:00,0.38387865
2026-01-31 19:00:00,0.5312344
2026-01-31 20:00:00,0.4823736
2026-01-31 21:00:00,0.20311326
2026-01-31 22:00:00,-0.05777351
2026-01-31 23:00:00,-0.27025488
2026-02-01 00:00:00,-0.44474164
2026-02-01 01:00:00,-0.59547013
2026-02-01 02:00:00,-0.72895473
2026-02-01 03:00:00,-0.81920207
2026-02-01 04:00:00,-0.57917327
2026-02-01 05:00:00,-0.2226206
2026-02-01 06:00:00,0.06846238
2026-02-01 07:00:00,0.247094
2026-02-01 08:00:00,0.24675569
2026-02-01 09:00:00,0.024214994
2026-02-01 10:00:00,-0.21764974
2026-02-01 11:00:00,-0.4193057
2026-02-01 12:00:00,-0.58549285
2026-02-01 13:00:00,-0.72431666
2026-02-01 14:00:00,-0.84498036
2026-02-01 15:00:00,-0.87659335
2026-02-01 16:00:00,-0.5235772
2026-02-01 17:00:00,-0.1487742
2026-02-01 18:00:00,0.22232528
2026-02-01 19:00:00,0.49476218
2026-02-01 20:00:00,0.6127113
2026-02-01 21:00:00,0.4757867
2026-02-01 22:00:00,0.15640536
2026-02-01 23:00:00,-0.09965807
2026-02-02 00:00:00,-0.30602565
2026-02-02 01:00:00,-0.47756246
2026-02-02 02:00:00,-0.627957
2026-02-02 03:00:00,-0.7592043
2026-02-02 04:00:00,-0.8066947
2026-02-02 05:00:00,-0.42760143
2026-02-02 06:00:00,-0.07577264
2026-02-02 07:00:00,0.21618082
2026-02-02 08:00:00,0.36974072
2026-02-02 09:00:00,0.30593705
2026-02-02 10:00:00,0.038287576
2026-02-02 11:00:00,-0.20182972
2026-02-02 12:00:00,-0.40179706
2026-02-02 13:00:00,-0.5663957
2026-02-02 14:00:00,-0.7063922
2026-02-02 15:00:00,-0.8260334
2026-02-02 16:00:00,-0.79754514
2026-02-02 17:00:00,-0.3736005
2026-02-02 18:00:00,0.02029155
2026-02-02 19:00:00,0.37984917
2026-02-02 20:00:00,0.6143613
2026-02-02 21:00:00,0.64430624
2026-02-02 22:00:00,0.3897134
2026-02-02 23:00:00,0.084071636
2026-02-03 00:00:00,-0.15462984
2026-02-03 01:00:00,-0.3494095
2026-02-03 02:00:00,-0.51292294
2026-02-03 03:00:00,-0.65877897
2026-02-03 04:00:00,-0.7784415
2026-02-03 05:00:00,-0.68274677
2026-02-03 06:00:00,-0.24255657
2026-02-03 07:00:00,0.106772006
2026-02-03 08:00:00,0.3638631
2026-02-03 09:00:00,0.4520146
2026-02-03 10:00:00,0.28160742
2026-02-03 11:00:00,-0.00022774113
2026-02-03 12:00:00,-0.22637503
2026-02-03 13:00:00,-0.41617382
2026-02-03 14:00:00,-0.5736894
2026-02-03 15:00:00,-0.70981145
2026-02-03 16:00:00,-0.81353927
2026-02-03 17:00:00,-0.6372526
2026-02-03 18:00:00,-0.2064052
2026-02-03 19:00:00,0.19466043
2026-02-03 20:00:00,0.5081195
2026-02-03 21:00:00,0.6663789
2026-02-03 22:00:00,0.56767344
2026-02-03 23:00:00,0.24687403
2026-02-04 00:00:00,-0.02124913
2026-02-04 01:00:00,-0.23899211
2026-02-04 02:00:00,-0.41623414
2026-02-04 03:00:00,-0.57231516
2026-02-04 04:00:00,-0.70963854
2026-02-04 05:00:00,-0.7827995
2026-02-04 06:00:00,-0.4416521
2026-02-04 07:00:00,-0.058039427
2026-02-04 08:00:00,0.264397
2026-02-04 09:00:00,0.45300707
2026-02-04 10:00:00,0.43573377
2026-02-04 11:00:00,0.18072687
2026-02-04 12:00:00,-0.07938703
2026-02-04 13:00:00,-0.28891554
2026-02-04 14:00:00,-0.46334186
2026-02-04 15:00:00,-0.6104473
2026-02-04 16:00:00,-0.7387604
2026-02-04 17:00:00,-0.79602283
2026-02-04 18:00:00,-0.4387723
2026-02-04 19:00:00,-0.041808106
2026-02-04 20:00:00,0.3269518
2026-02-04 21:00:00,0.56733793
2026-02-04 22:00:00,0.60817754
2026-02-04 23:00:00,0.37703964
2026-02-05 00:00:00,0.07795746
2026-02-05 01:00:00,-0.16170569
2026-02-05 02:00:00,-0.35263208
2026-02-05 03:00:00,-0.51421505
2026-02-05 04:00:00,-0.65873986
2026-02-05 05:00:00,-0.77693194
2026-02-05 06:00:00,-0.7105824
2026-02-05 07:00:00,-0.28860536
2026-02-05 08:00:00,0.06303354
2026-02-05 09:00:00,0.3321912
2026-02-05 10:00:00,0.44237286
2026-02-05 11:00:00,0.32443398
2026-02-05 12:00:00,0.052454643
2026-02-05 13:00:00,-0.17912133
2026-02-05 14:00:00,-0.36952272
2026-02-05 15:00:00,-0.5281458
2026-02-05 16:00:00,-0.66409814
2026-02-05 17:00:00,-0.7676745
2026-02-05 18:00:00,-0.6618736
2026-02-05 19:00:00,-0.25474733
2026-02-05 20:00:00,0.10973826
2026-02-05 21:00:00,0.39470842
2026-02-05 22:00:00,0.52755475
2026-02-05 23:00:00,0.4301246
2026-02-06 00:00:00,0.13772723
